commentCounts	commentLookings	gameReviews
216	43	http://www.ign.com/articles/2017/09/05/pillars-of-eternity-complete-edition-review
83	29	http://www.ign.com/articles/2017/08/30/gigantic-review
1032	231	http://www.ign.com/articles/2017/08/23/madden-nfl-18-review
455	134	http://www.ign.com/articles/2017/06/06/dirt-4-review
88	34	http://www.ign.com/articles/2017/05/25/perception-review
2670	426	http://www.ign.com/articles/2017/05/16/injustice-2-review
745	176	http://www.ign.com/articles/2017/05/15/the-surge-review
9068	993	http://www.ign.com/articles/2017/05/13/prey-review-2
431	128	http://www.ign.com/articles/2017/05/12/forza-horizon-3-hot-wheels-review
571	118	http://www.ign.com/articles/2017/05/09/nba-playgrounds-review
212	80	http://www.ign.com/articles/2017/04/26/little-nightmares-review
204	66	http://www.ign.com/articles/2017/04/18/disney-afternoon-collection-review
234	78	http://www.ign.com/articles/2017/04/17/wonder-boy-the-dragons-trap-review
185	56	http://www.ign.com/articles/2017/04/18/voodoo-vince-remastered-review
218	85	http://www.ign.com/articles/2017/04/17/marvels-guardians-of-the-galaxy-the-telltale-series-episode-1-tangled-up-in-blue-review
210	51	http://www.ign.com/articles/2017/04/04/lego-city-undercover-review-2
229	34	http://www.ign.com/articles/2017/04/04/snake-pass-review
1798	261	http://www.ign.com/articles/2017/04/04/yooka-laylee-review
116	42	http://www.ign.com/articles/2017/03/24/has-been-heroes-review
11916	1205	http://www.ign.com/articles/2017/03/20/mass-effect-andromeda-review
79	34	http://www.ign.com/articles/2017/03/17/flatout-4-total-insanity-review
135	64	http://www.ign.com/articles/2017/03/14/styx-shards-of-darkness-review
1771	430	http://www.ign.com/articles/2017/03/08/ghost-recon-wildlands-review
62	23	http://www.ign.com/articles/2017/03/02/just-dance-2017-review
344	111	http://www.ign.com/articles/2017/02/28/torment-tides-of-numenera-review
3043	513	http://www.ign.com/articles/2017/02/21/halo-wars-2-review
5444	775	http://www.ign.com/articles/2017/02/17/for-honor-review
484	161	http://www.ign.com/articles/2017/02/13/sniper-elite-4-review
4390	839	http://www.ign.com/articles/2017/01/23/resident-evil-7-biohazard-review
540	129	http://www.ign.com/articles/2016/12/21/forza-horizon-3-blizzard-mountain-review
578	213	http://www.ign.com/articles/2016/12/07/steep-review
1198	395	http://www.ign.com/articles/2016/12/05/dead-rising-4-review
31	18	http://www.ign.com/articles/2016/12/01/the-dwarves-review
8519	1038	http://www.ign.com/articles/2016/11/28/final-fantasy-xv-review
4449	748	http://www.ign.com/articles/2016/11/23/watch-dogs-2-review
596	191	http://www.ign.com/articles/2016/11/23/assassinas-creed-the-ezio-collection-review
2591	688	http://www.ign.com/articles/2016/11/13/dishonored-2-review
1071	359	http://www.ign.com/articles/2016/11/08/call-of-duty-modern-warfare-remastered-review
2486	628	http://www.ign.com/articles/2016/11/07/call-of-duty-infinite-warfare-review
135	57	http://www.ign.com/articles/2016/11/01/hitman-episode-6-hokkaido-review
2363	538	http://www.ign.com/articles/2016/11/01/the-elder-scrolls-v-skyrim-special-edition-review
4653	853	http://www.ign.com/articles/2016/10/28/titanfall-2-review
4882	885	http://www.ign.com/articles/2016/10/21/battlefield-1-review
696	174	http://www.ign.com/articles/2016/10/17/wwe-2k17-review
216	81	http://www.ign.com/articles/2016/10/14/skylanders-imaginators-review
64	26	http://www.ign.com/articles/2016/10/12/wrc-6-review
12641	1187	http://www.ign.com/articles/2016/10/11/gears-of-war-4-review
4905	905	http://www.ign.com/articles/2016/10/10/mafia-3-review
427	126	http://www.ign.com/articles/2016/10/05/thumper-vr-review
2284	525	http://www.ign.com/articles/2016/09/27/destiny-rise-of-iron-review
157	60	http://www.ign.com/articles/2016/09/27/deus-ex-mankind-divided-system-rift-review
98	45	http://www.ign.com/articles/2016/09/22/mount-blade-warband-review
782	275	http://www.ign.com/articles/2016/09/21/fifa-17-review
5065	817	http://www.ign.com/articles/2016/09/20/forza-horizon-3-review
2233	587	http://www.ign.com/articles/2016/09/13/bioshock-the-collection-review
323	128	http://www.ign.com/articles/2016/09/13/dead-rising-triple-pack-review
723	198	http://www.ign.com/articles/2016/09/13/pes-2017-review-in-progress
5847	730	http://www.ign.com/articles/2016/09/12/recore-review
517	160	http://www.ign.com/articles/2016/09/12/nhl-17-review
496	162	http://www.ign.com/articles/2016/08/31/assetto-corsa-ps4xbox-one-review
131	65	http://www.ign.com/articles/2016/08/24/valley-review
269	95	http://www.ign.com/articles/2016/08/23/f1-2016-review
3452	788	http://www.ign.com/articles/2016/08/19/deus-ex-mankind-divided-review
214	85	http://www.ign.com/articles/2016/08/18/hitman-episode-4-bangkok-review
156	78	http://www.ign.com/articles/2016/07/25/fru-review
657	198	http://www.ign.com/articles/2016/07/13/7-days-to-die-review
14721	1667	http://www.ign.com/articles/2016/05/28/overwatch-review
736	296	http://www.ign.com/articles/2016/07/06/the-division-underground-review
1010	294	http://www.ign.com/articles/2016/06/28/lego-star-wars-the-force-awakens-review
3933	908	http://www.ign.com/articles/2016/06/28/inside-review
204	86	http://www.ign.com/articles/2016/06/17/trials-of-the-blood-dragon-review
2465	737	http://www.ign.com/articles/2016/06/06/mirrors-edge-catalyst-review
499	193	http://www.ign.com/articles/2016/06/01/dead-island-definitive-collection-review
258	86	http://www.ign.com/articles/2016/05/31/one-piece-burning-blood-review
1775	483	http://www.ign.com/articles/2016/05/25/the-witcher-3-wild-hunt-blood-and-wine-review
2075	670	http://www.ign.com/articles/2016/05/17/homefront-the-revolution-review
2704	728	http://www.ign.com/articles/2016/05/02/battleborn-review
202	83	http://www.ign.com/articles/2016/05/03/the-park-review
428	169	http://www.ign.com/articles/2016/04/29/hitman-episode-2-sapienza-review
526	206	http://www.ign.com/articles/2016/04/02/rise-of-the-tomb-raider-cold-darkness-awakened-review
8881	1433	http://www.ign.com/articles/2016/04/01/quantum-break-review
1051	365	http://www.ign.com/articles/2016/03/24/stardew-valley-review
180	102	http://www.ign.com/articles/2016/03/24/trackmania-turbo-review
976	333	http://www.ign.com/articles/2016/03/17/ea-sports-ufc-2-review
19939	2918	http://www.ign.com/articles/2016/03/16/the-division-review
1304	375	http://www.ign.com/articles/2016/03/10/hitman-episode-1-paris-review
357	166	http://www.ign.com/articles/2016/02/23/plants-vs-zombies-garden-warfare-2-review
476	201	http://www.ign.com/articles/2016/02/23/rocket-league-xbox-one-review
380	181	http://www.ign.com/articles/2016/02/08/assassins-creed-chronicles-russia-review
272	105	http://www.ign.com/articles/2016/02/08/cobalt-review
3603	881	http://www.ign.com/articles/2016/02/08/firewatch-review
807	305	http://www.ign.com/articles/2016/02/08/unravel-review
1966	615	http://www.ign.com/articles/2016/02/01/xcom-2-review
291	150	http://www.ign.com/articles/2016/01/27/rise-of-the-tomb-raider-baba-yaga-the-temple-of-the-witch-review
3903	994	http://www.ign.com/articles/2016/01/25/the-witness-review
2433	591	http://www.ign.com/articles/2016/01/18/resident-evil-zero-hd-remaster-review
69	41	http://www.ign.com/articles/2016/01/14/minecraft-story-mode-episode-4-a-block-and-a-hard-place-review
278	145	http://www.ign.com/articles/2016/01/12/assassins-creed-chronicles-india-review
1569	706	http://www.ign.com/articles/2015/12/03/just-cause-3-xbox-one-and-playstation-4-review
5065	1167	http://www.ign.com/articles/2015/11/30/rainbow-six-siege-review
34	28	http://www.ign.com/articles/2015/11/25/minecraft-story-mode-episode-3-the-last-place-you-look-review
13737	2724	http://www.ign.com/articles/2015/11/12/star-wars-battlefront-review
14460	2532	http://www.ign.com/articles/2015/11/09/fallout-4-review
8901	2207	http://www.ign.com/articles/2015/11/09/rise-of-the-tomb-raider-review
10791	2197	http://www.ign.com/articles/2015/11/05/call-of-duty-black-ops-3-review
426	261	http://www.ign.com/articles/2015/11/02/darksiders-2-deathinitive-edition-review
180	109	http://www.ign.com/articles/2015/10/30/minecraft-story-mode-episode-2-assembly-required-review
1136	426	http://www.ign.com/articles/2015/10/30/wwe-2k16-review
621	308	http://www.ign.com/articles/2015/10/26/divinity-original-sin-enhanced-edition-review
20798	2955	http://www.ign.com/articles/2015/10/26/halo-5-guardians-review
853	427	http://www.ign.com/articles/2015/10/25/guitar-hero-live-review
4426	1644	http://www.ign.com/articles/2015/10/22/assassins-creed-syndicate-review
418	211	http://www.ign.com/articles/2015/10/21/life-is-strange-episode-5-polarized-review
303	177	http://www.ign.com/articles/2015/10/13/wasteland-2-directors-cut-review
277	157	http://www.ign.com/articles/2015/10/13/minecraft-story-mode-episode-1-the-order-of-the-stone-review
1595	696	http://www.ign.com/articles/2015/10/08/the-witcher-3-hearts-of-stone-review
551	312	http://www.ign.com/articles/2015/10/08/transformers-devastation-review
230	164	http://www.ign.com/articles/2015/10/06/nba-live-16-review
912	437	http://www.ign.com/articles/2015/10/05/rock-band-4-review
63	48	http://www.ign.com/articles/2015/09/28/skylanders-superchargers-review
3081	66	http://www.ign.com/articles/2015/09/21/fifa-soccer-16-review
14251	88	http://www.ign.com/articles/2015/09/15/destiny-the-taken-king-review
755	25	http://www.ign.com/articles/2015/09/15/nhl-16-review
37	4	http://www.ign.com/articles/2015/09/14/rugby-league-live-3-review
248	7	http://www.ign.com/articles/2015/09/10/dragon-age-inquisition-trespasser-review
6630	29	http://www.ign.com/articles/2015/09/08/forza-motorsport-6-review
679	5	http://www.ign.com/articles/2015/08/28/disney-infinity-30-review
1472	4	http://www.ign.com/articles/2015/08/27/dishonored-definitive-edition-review
1777	59	http://www.ign.com/articles/2015/08/25/mega-man-legacy-collection-review
2407	11	http://www.ign.com/articles/2015/08/24/madden-nfl-16-review
6058	14	http://www.ign.com/articles/2015/08/24/gears-of-war-ultimate-edition-review-2
26427	426	http://www.ign.com/articles/2015/08/23/metal-gear-solid-5-the-phantom-pain-review
865	4	http://www.ign.com/articles/2015/08/20/zombi-review
2186	3	http://www.ign.com/articles/2015/08/19/smite-xbox-one-review
385	1	http://www.ign.com/articles/2015/08/07/beyond-eyes-review
7217	3	http://www.ign.com/articles/2015/08/03/rare-replay-review
745	13	http://www.ign.com/articles/2015/07/30/life-is-strange-episode-4-dark-room-review
424	1	http://www.ign.com/articles/2015/07/28/kings-quest-a-knight-to-remember-review
2134	2	http://www.ign.com/articles/2015/07/14/batman-arkham-knight-batgirl-a-matter-of-family-dlc-review
859	4	http://www.ign.com/articles/2015/07/14/rory-mcilroy-pga-tour-review
379	1	http://www.ign.com/articles/2015/07/01/payday-2-crimewave-edition-review
954	2	http://www.ign.com/articles/2015/06/23/devil-may-cry-4-special-edition-review
15139	24	http://www.ign.com/articles/2015/06/19/batman-arkham-knight-review
3447	15	http://www.ign.com/articles/2015/06/09/the-elder-scrolls-online-tamriel-unlimited-review
756	0	http://www.ign.com/articles/2015/05/28/the-evil-within-the-executioner-review
4502	0	http://www.ign.com/articles/2015/05/28/destiny-house-of-wolves-review-2
652	0	http://www.ign.com/articles/2015/05/19/life-is-strange-episode-3-review
51145	72	http://www.ign.com/articles/2015/05/12/the-witcher-3-the-wild-hunt-review
2220	1	http://www.ign.com/articles/2015/05/08/wolfenstein-the-old-blood-review
8739	6	http://www.ign.com/articles/2015/05/06/project-cars-review
720	0	http://www.ign.com/articles/2015/04/23/the-evil-within-the-consequence-review
3281	1	http://www.ign.com/articles/2015/04/22/state-of-decay-year-one-survival-edition-review
2385	2	http://www.ign.com/articles/2015/04/21/assassins-creed-chronicles-china-review
12474	6	http://www.ign.com/articles/2015/04/13/mortal-kombat-x-review
3501	1	http://www.ign.com/articles/2015/04/08/neverwinter-xbox-one-review
1168	2	http://www.ign.com/articles/2015/04/08/rbi-baseball-15-review
1286	0	http://www.ign.com/articles/2015/03/31/forza-horizon-2-presents-fast-furious-review
1428	1	http://www.ign.com/articles/2015/03/26/dragon-age-inquisition-jaws-of-hakkon-review
1975	5	http://www.ign.com/articles/2015/03/24/borderlands-the-handsome-collection-review
611	0	http://www.ign.com/articles/2015/03/17/resident-evil-revelations-2-episode-4-review-2
17944	12	http://www.ign.com/articles/2015/03/16/battlefield-hardline-review
8064	8	http://www.ign.com/articles/2015/03/16/final-fantasy-type-0-hd-review
1637	0	http://www.ign.com/articles/2015/03/11/the-evil-within-the-assignment-review
474	0	http://www.ign.com/articles/2015/03/10/resident-evil-revelations-2-episode-3-review
1849	3	http://www.ign.com/articles/2015/03/09/dmc-devil-may-cry-definitive-edition-review
368	0	http://www.ign.com/articles/2015/03/09/white-night-review
6155	9	http://www.ign.com/articles/2015/03/04/dragon-ball-xenoverse-review
1228	0	http://www.ign.com/articles/2015/03/03/resident-evil-revelations-2-episode-2-review
3398	0	http://www.ign.com/articles/2015/03/02/screamride-review
328	0	http://www.ign.com/articles/2015/02/24/middle-earth-shadow-of-mordor-the-bright-lord-review
1914	0	http://www.ign.com/articles/2015/02/24/resident-evil-revelations-2-episode-1-review
2468	0	http://www.ign.com/articles/2015/02/23/dead-or-alive-5-last-round-review
565	3	http://www.ign.com/articles/2015/02/20/hand-of-fate-review
28714	12	http://www.ign.com/articles/2015/02/11/evolve-review
10709	9	http://www.ign.com/articles/2015/01/19/resident-evil-review
1456	1	http://www.ign.com/articles/2015/01/19/saints-row-4-re-elected-review
201	0	http://www.ign.com/articles/2015/01/13/idarb-review
1185	0	http://www.ign.com/articles/2015/01/12/assassins-creed-unity-dead-kings-dlc-review
90	0	http://www.ign.com/articles/2015/01/12/funk-of-titans-review
153	0	http://www.ign.com/articles/2015/01/12/sunset-overdrive-mystery-of-the-mooil-rig-dlc-review
0	0	http://www.ign.com/articles/2014/12/31/the-walking-dead-a-telltale-game-series-season-2-review
5336	0	http://www.ign.com/articles/2014/12/18/destiny-the-dark-below-review
118	0	http://www.ign.com/articles/2014/12/16/kalimba-review
307	0	http://www.ign.com/articles/2014/12/09/threes-review
137	1	http://www.ign.com/articles/2014/12/09/just-dance-2015-review
1820	2	http://www.ign.com/articles/2014/12/08/lara-croft-and-the-temple-of-osiris-review
344	3	http://www.ign.com/articles/2014/12/04/rugby-15-review
14688	13	http://www.ign.com/articles/2014/12/02/the-crew-review
1573	1	http://www.ign.com/articles/2014/12/01/game-of-thrones-episode-1-iron-from-ice-review
1085	2	http://www.ign.com/articles/2014/11/17/wwe-2k15-review-ps4xbox-one
17990	10	http://www.ign.com/articles/2014/11/17/gta-5-playstation-4-and-xbox-one-review
1638	0	http://www.ign.com/articles/2014/11/14/pro-evolution-soccer-2015-review
18502	6	http://www.ign.com/articles/2014/11/14/far-cry-4-review
23616	15	http://www.ign.com/articles/2014/11/11/assassins-creed-unity-review
22791	12	http://www.ign.com/articles/2014/11/11/dragon-age-inquisition-review
53280	3	http://www.ign.com/articles/2014/11/06/halo-the-master-chief-collection-review
42909	10	http://www.ign.com/articles/2014/11/03/call-of-duty-advanced-warfare-review
162	0	http://www.ign.com/articles/2014/10/30/costume-quest-2-console-review
719	2	http://www.ign.com/articles/2014/10/28/nba-live-15-review
25495	5	http://www.ign.com/articles/2014/10/27/sunset-overdrive-review
2451	3	http://www.ign.com/articles/2014/10/21/the-legend-of-korra-the-game-review
1057	3	http://www.ign.com/articles/2014/10/21/fantasia-music-evolved-review
19533	8	http://www.ign.com/articles/2014/10/16/the-evil-within-review
112	0	http://www.ign.com/articles/2014/10/14/defense-grid-2-review
4901	1	http://www.ign.com/articles/2014/10/09/nba-2k15-review
1527	8	http://www.ign.com/articles/2014/10/08/sleeping-dogs-definitive-edition-review
5087	4	http://www.ign.com/articles/2014/10/07/project-spark-review
29369	77	http://www.ign.com/articles/2014/10/03/alien-isolation-review
30397	20	http://www.ign.com/articles/2014/09/25/middle-earth-shadow-of-mordor-review
9386	4	http://www.ign.com/articles/2014/09/25/forza-horizon-2-review
203	0	http://www.ign.com/articles/2014/09/24/dance-central-spotlight-review
3362	1	http://www.ign.com/articles/2014/09/23/fifa-15-ps4xbox-one-review
978	0	http://www.ign.com/articles/2014/09/22/d4-dark-dreams-dont-die-review
9939	0	http://www.ign.com/articles/2014/09/05/minecraft-ps4-and-xbox-one-review
64676	7	http://www.ign.com/articles/2014/09/03/destiny-review
516	4	http://www.ign.com/articles/2014/08/25/the-golf-club-review
4286	0	http://www.ign.com/articles/2014/08/21/madden-nfl-15-review
3268	4	http://www.ign.com/articles/2014/08/19/metro-redux-review
4627	9	http://www.ign.com/articles/2014/08/14/diablo-3-reaper-of-souls-ultimate-evil-edition-review
14462	9	http://www.ign.com/articles/2015/03/09/ori-and-the-blind-forest-review
1447	0	http://www.ign.com/articles/2014/07/09/guacamelee-super-turbo-championship-edition-review
940	0	http://www.ign.com/articles/2014/06/27/transformers-rise-of-the-dark-spark-review
4048	0	http://www.ign.com/articles/2014/06/19/ea-sports-ufc-review
5552	3	http://www.ign.com/articles/2014/06/02/murdered-soul-suspect-review
36573	8	http://www.ign.com/articles/2014/05/27/watch-dogs-review
14772	9	http://www.ign.com/articles/2014/05/19/wolfenstein-the-new-order-review
1104	0	http://www.ign.com/articles/2014/05/14/super-time-force-review
2466	1	http://www.ign.com/articles/2014/04/30/the-amazing-spider-man-2-game-review
3836	2	http://www.ign.com/articles/2014/04/28/child-of-light-review
1756	0	http://www.ign.com/articles/2014/04/16/trials-fusion-review
1161	0	http://www.ign.com/articles/2014/04/10/lego-the-hobbit-review
4208	0	http://www.ign.com/articles/2014/04/07/kinect-sports-rivals-review
17020	2	http://www.ign.com/articles/2014/03/18/metal-gear-solid-5-ground-zeroes-review
33939	9	http://www.ign.com/articles/2014/03/10/titanfall-review-2
1180	0	http://www.ign.com/articles/2014/02/25/plants-vs-zombies-garden-warfare-review
11194	2	http://www.ign.com/articles/2014/02/24/thief-review
1034	3	http://www.ign.com/articles/2014/02/18/strider-review
451	0	http://www.ign.com/articles/2014/02/12/the-lego-movie-videogame-review
9808	11	http://www.ign.com/articles/2014/01/24/tomb-raider-definitive-edition-review
4316	0	http://www.ign.com/articles/2014/01/10/halo-spartan-assault-xbox-one-review
188	0	http://www.ign.com/articles/2014/01/10/zumba-fitness-world-party-review
3094	2	http://www.ign.com/articles/2013/12/23/max-the-curse-of-brotherhood-review
1085	3	http://www.ign.com/articles/2013/12/09/peggle-2-review
1231	0	http://www.ign.com/articles/2013/12/02/fifa-14-review
2143	3	http://www.ign.com/articles/2013/11/26/battlefield-4-xbox-one-review
1120	1	http://www.ign.com/articles/2013/11/22/zoo-tycoon-review
5110	1	http://www.ign.com/articles/2013/11/22/the-fighter-within-review
14418	9	http://www.ign.com/articles/2013/11/21/ryse-son-of-rome-review
1003	4	http://www.ign.com/articles/2013/11/20/need-for-speed-rivals-review
6110	0	http://www.ign.com/articles/2013/11/20/forza-motorsport-5-review
1893	0	http://www.ign.com/articles/2013/11/19/nba-live-14-review
29566	3	http://www.ign.com/articles/2013/11/18/dead-rising-3-review
1274	0	http://www.ign.com/articles/2013/11/18/powerstar-golf-review
1275	0	http://www.ign.com/articles/2013/11/18/crimson-dragon-review
659	0	http://www.ign.com/articles/2013/11/18/lococycle-review
7601	7	http://www.ign.com/articles/2013/11/18/killer-instinct-review
349	1	http://www.ign.com/articles/2013/11/15/madden-nfl-25-xbox-one-and-playstation-4-review
2190	1	http://www.ign.com/articles/2013/11/11/nba-2k14-ps4-xbox-one-review
21	9	http://www.ign.com/articles/2013/11/05/call-of-duty-ghosts-review
12	7	http://www.ign.com/articles/2013/10/29/assassins-creed-4-black-flag-review
1191	1	http://www.ign.com/articles/2013/10/22/lego-marvel-super-heroes-review
5653	2	http://www.ign.com/articles/2013/08/26/rayman-legends-review
3729	322	http://www.ign.com/articles/2013/08/15/gone-home-review
31732	9	http://www.ign.com/articles/2015/01/26/dying-light-review
106	54	http://www.ign.com/articles/2016/10/04/hitman-episode-5-colorado-review
2546	267	http://www.ign.com/articles/2017/08/28/mario-rabbids-kingdom-battle-review
232	63	http://www.ign.com/articles/2017/07/31/overcooked-special-edition-review
3096	234	http://www.ign.com/articles/2017/07/24/splatoon-2-review
1187	194	http://www.ign.com/articles/2017/07/03/the-legend-of-zelda-breath-of-the-wild-the-master-trials-dlc-review
3456	377	http://www.ign.com/articles/2017/06/07/arms-review
55	20	http://www.ign.com/articles/2017/06/07/minecraft-switch-edition-review
161	31	http://www.ign.com/articles/2017/04/25/mr-shifty-review
466	80	http://www.ign.com/articles/2017/04/24/puyo-puyo-tetris-review
4475	521	http://www.ign.com/articles/2017/04/20/mario-kart-8-deluxe-review
89	32	http://www.ign.com/articles/2017/04/10/graceful-explosion-machine-review
210	51	http://www.ign.com/articles/2017/04/05/lego-city-undercover-review-2
334	128	http://www.ign.com/articles/2017/03/17/the-binding-of-isaac-afterbirth-review
198	77	http://www.ign.com/articles/2017/03/15/blaster-master-zero-review
18638	1611	http://www.ign.com/articles/2017/03/07/nintendo-switch-review
178	73	http://www.ign.com/articles/2017/03/07/fast-rmx-review
227	84	http://www.ign.com/articles/2017/03/07/shovel-knight-treasure-trove-review
171	72	http://www.ign.com/articles/2017/03/06/snipperclips-cut-it-out-together-review
607	154	http://www.ign.com/articles/2017/03/06/super-bomberman-r-review
631	224	http://www.ign.com/articles/2017/03/02/1-2-switch-review
17242	1424	http://www.ign.com/articles/2017/03/02/the-legend-of-zelda-breath-of-the-wild-review
840	265	http://www.ign.com/articles/2016/07/20/i-am-setsuna-review
155	58	http://www.ign.com/articles/2016/12/20/shantae-half-genie-hero-review
704	192	http://www.ign.com/articles/2016/10/05/paper-mario-color-splash-review
964	200	http://www.ign.com/articles/2016/06/29/tokyo-mirage-sessions-fe-review
123	73	http://www.ign.com/articles/2016/04/20/star-fox-guard-review
3179	693	http://www.ign.com/articles/2016/04/20/star-fox-zero-review
1330	442	http://www.ign.com/articles/2016/03/15/pokken-tournament-review
1915	533	http://www.ign.com/articles/2016/03/01/the-legend-of-zelda-twilight-princess-hd-review
468	193	http://www.ign.com/articles/2016/01/04/fast-racing-neo-review
3968	829	http://www.ign.com/articles/2015/12/07/xenoblade-chronicles-x-review
707	269	http://www.ign.com/articles/2015/11/18/animal-crossing-amiibo-festival-review
1539	591	http://www.ign.com/articles/2015/11/18/mario-tennis-ultra-smash-review
23711	478	http://www.ign.com/articles/2015/05/27/splatoon-review
1171	371	http://www.ign.com/articles/2015/10/19/fatal-frame-maiden-of-the-black-water-review
6215	39	http://www.ign.com/articles/2015/09/02/super-mario-maker-review
4831	30	http://www.ign.com/articles/2015/08/28/devils-third-review
569	5	http://www.ign.com/articles/2015/07/24/earthbound-beginnings-review
3842	205	http://www.ign.com/articles/2015/06/22/yoshis-woolly-world-review
3885	0	http://www.ign.com/articles/2015/03/17/mario-party-10-review
364	0	http://www.ign.com/articles/2015/03/12/mario-vs-donkey-kong-tipping-stars-review
4175	0	http://www.ign.com/articles/2015/02/18/kirby-and-the-rainbow-curse-review
419	0	http://www.ign.com/articles/2014/12/12/stealth-inc-2-a-game-of-clones-review
3121	0	http://www.ign.com/articles/2014/12/01/captain-toad-treasure-tracker-review
941	0	http://www.ign.com/articles/2014/11/22/lego-batman-3-beyond-gotham-review
29308	0	http://www.ign.com/articles/2014/11/19/super-smash-bros-for-wii-u-review
3852	1	http://www.ign.com/articles/2014/11/14/sonic-boom-the-rise-of-lyric-review
28864	4	http://www.ign.com/articles/2014/10/13/bayonetta-2-review
7570	0	http://www.ign.com/articles/2014/09/17/hyrule-warriors-review
497	0	http://www.ign.com/articles/2014/08/08/wii-sports-club-review
1305	3	http://www.ign.com/articles/2014/07/23/one-piece-unlimited-world-red-review
56	0	http://www.ign.com/articles/2014/07/01/transformers-rise-of-the-dark-spark-wii-u-review
8220	5	http://www.ign.com/articles/2014/06/25/shovel-knight-review
426	0	http://www.ign.com/articles/2014/06/08/1001-spikes-review
12601	5	http://www.ign.com/articles/2014/05/15/mario-kart-8-review
280	0	http://www.ign.com/articles/2014/04/23/nes-remix-2-review
768	1	http://www.ign.com/articles/2014/04/15/pure-chess-ps4-review
8647	3	http://www.ign.com/articles/2014/02/17/donkey-kong-country-tropical-freeze-review
141	0	http://www.ign.com/articles/2014/02/04/unepic-review
914	0	http://www.ign.com/articles/2014/01/09/dr-luigi-review
821	0	http://www.ign.com/articles/2013/12/20/nes-remix-review
310	0	http://www.ign.com/articles/2013/12/06/adventure-time-explore-the-dungeon-because-i-dont-know-review
560	0	http://www.ign.com/articles/2013/11/20/wii-fit-u-review
9857	5	http://www.ign.com/articles/2013/11/19/super-mario-3d-world-review
578	0	http://www.ign.com/articles/2013/11/08/mario-sonic-at-the-sochi-2014-olympic-winter-games-review
11445	3	http://www.ign.com/articles/2013/10/25/batman-arkham-origins-review
864	0	http://www.ign.com/articles/2013/10/23/how-to-survive-review
667	0	http://www.ign.com/articles/2013/10/23/wii-party-u-review
2328	0	http://www.ign.com/articles/2013/10/21/deus-ex-human-revolution-directors-cut-wii-u-review
5856	5	http://www.ign.com/articles/2013/10/18/sonic-lost-world-review
468	0	http://www.ign.com/articles/2013/10/13/skylanders-swap-force-review
291	0	http://www.ign.com/articles/2013/10/11/just-dance-2014-wii-u-review
9	0	http://www.ign.com/articles/2013/10/11/just-dance-2014-wii-review
564	0	http://www.ign.com/articles/2013/09/25/scribblenauts-unmasked-review
5857	7	http://www.ign.com/articles/2013/09/17/the-legend-of-zelda-the-wind-waker-hd-review
6505	1	http://www.ign.com/articles/2013/08/18/the-wonderful-101-review
911	0	http://www.ign.com/articles/2013/08/18/disney-infinity-review
5273	2	http://www.ign.com/articles/2013/08/14/splinter-cell-blacklist-review
1037	0	http://www.ign.com/articles/2013/08/12/ducktales-remastered-review
356	0	http://www.ign.com/articles/2013/07/30/cloudberry-kingdom-review
3102	0	http://www.ign.com/articles/2013/07/24/earthbound-review
7601	1	http://www.ign.com/articles/2013/07/22/pikmin-3-review
167	0	http://www.ign.com/articles/2013/07/11/mutant-mudds-deluxe-review
2279	0	http://www.ign.com/articles/2013/06/27/new-super-luigi-u-review
220	0	http://www.ign.com/articles/2013/06/27/dungeons-and-dragons-chronicles-of-mystara-review
908	0	http://www.ign.com/articles/2013/06/21/game-wario-review
1420	0	http://www.ign.com/articles/2013/05/31/sniper-elite-v2-wii-u-review
1305	3	http://www.ign.com/articles/2013/05/20/resident-evil-revelations-hd-review
204	0	http://www.ign.com/articles/2013/04/23/assassins-creed-iii-the-tyranny-of-king-washington-review
118	1	http://www.ign.com/articles/2013/04/05/toki-tori-2-review
634	0	http://www.ign.com/articles/2013/03/26/need-for-speed-most-wanted-u-review
1001	1	http://www.ign.com/articles/2013/03/21/the-walking-dead-survival-instinct-review
2707	0	http://www.ign.com/articles/2013/03/17/monster-hunter-3-ultimate-review
831	1	http://www.ign.com/articles/2013/03/14/lego-city-undercover-review
151	0	http://www.ign.com/articles/2013/02/25/bittrip-presents-runner-2-future-legend-review
186	0	http://www.ign.com/articles/2013/02/22/puddle-wii-u-review-2
344	0	http://www.ign.com/articles/2013/01/22/the-cave-review
151	0	http://www.ign.com/articles/2013/01/15/marvels-the-avengers-battle-for-earth-review
386	0	http://www.ign.com/articles/2013/01/14/007-legends-wii-u-review
283	0	http://www.ign.com/articles/2012/12/18/sing-party-review
153	0	http://www.ign.com/articles/2012/12/14/tank-tank-tank-review
178	0	http://www.ign.com/articles/2012/12/10/just-dance-4-wii-u-review
77	0	http://www.ign.com/articles/2012/12/03/espn-sports-connection-review
156	0	http://www.ign.com/articles/2012/12/03/funky-barn-wii-u-review
216	0	http://www.ign.com/articles/2012/11/30/sonic-all-stars-racing-transformed-wii-u-review
160	0	http://www.ign.com/articles/2012/11/29/disney-epic-mickey-2-the-power-of-two-review-2
164	0	http://www.ign.com/articles/2012/11/29/warriors-orochi-3-hyper-review
104	0	http://www.ign.com/articles/2012/11/28/transformers-prime-the-game-wii-u-review
125	0	http://www.ign.com/articles/2012/11/27/fifa-13-wii-u-review
108	0	http://www.ign.com/articles/2012/11/26/little-inferno-pc-review
27	0	http://www.ign.com/articles/2012/11/26/trine-2-directors-cut-review
3	0	http://www.ign.com/articles/2012/11/22/chasing-aurora-review
113	0	http://www.ign.com/articles/2012/11/21/madden-nfl-13-wii-u-review
301	1	http://www.ign.com/articles/2012/11/21/mass-effect-3-wii-u-review
97	0	http://www.ign.com/articles/2012/11/21/rabbids-land-review
130	0	http://www.ign.com/articles/2012/11/21/tekken-tag-tournament-2-wii-u-edition-review
339	0	http://www.ign.com/articles/2012/11/21/call-of-duty-black-ops-2-wii-u-review
720	0	http://www.ign.com/articles/2012/11/20/assassins-creed-iii-wii-u-review
18	0	http://www.ign.com/articles/2012/11/20/nano-assault-neo-review
174	0	http://www.ign.com/articles/2012/11/19/nba-2k13-wii-u-review
6816	3	http://www.ign.com/articles/2012/11/18/zombiu-review
599	0	http://www.ign.com/articles/2012/11/17/batman-arkham-city-armored-edition-review
685	0	http://www.ign.com/articles/2012/11/17/darksiders-ii-review-3
366	0	http://www.ign.com/articles/2012/11/16/scribblenauts-unlimited-review
2717	2	http://www.ign.com/articles/2012/11/15/new-super-mario-bros-u-review
740	1	http://www.ign.com/articles/2012/11/15/nintendo-land-review
1133	0	http://www.ign.com/articles/2012/11/13/ninja-gaiden-3-razors-edge-review
170	0	http://www.ign.com/articles/2012/10/18/skylanders-giants-review
129	1	http://www.ign.com/articles/2012/06/29/project-zero-2-wii-edition-review
43	0	http://www.ign.com/articles/2012/06/18/lego-batman-2-dc-super-heroes-wii-review
1956	259	http://www.ign.com/articles/2017/09/05/knack-2-review
103	26	http://www.ign.com/articles/2017/08/24/f1-2017-review
146	50	http://www.ign.com/articles/2017/08/21/yakuza-kiwami-review
2891	390	http://www.ign.com/articles/2017/08/16/uncharted-the-lost-legacy-review
795	181	http://www.ign.com/articles/2017/08/10/lawbreakers-review-in-progress
3062	677	http://www.ign.com/articles/2017/08/15/undertale-review
995	156	http://www.ign.com/articles/2017/08/15/agents-of-mayhem-review
207	63	http://www.ign.com/articles/2017/08/14/matterfall-review
1200	224	http://www.ign.com/articles/2017/08/14/sonic-mania-review
241	70	http://www.ign.com/articles/2017/08/08/mega-man-legacy-collection-2-review
4036	426	http://www.ign.com/articles/2017/08/07/hellblade-senuas-sacrifice-review
278	63	http://www.ign.com/articles/2017/08/04/superhot-vr-review
220	50	http://www.ign.com/articles/2017/07/27/sundered-review
715	141	http://www.ign.com/articles/2017/07/24/pyre-review
34	16	http://www.ign.com/articles/2017/07/20/black-the-fall-review
967	236	http://www.ign.com/articles/2017/07/10/final-fantasy-xii-the-zodiac-age-review
469	98	http://www.ign.com/articles/2017/07/07/elite-dangerous-ps4-review
2452	298	http://www.ign.com/articles/2017/06/29/crash-bandicoot-n-sane-trilogy-review
253	83	http://www.ign.com/articles/2017/06/26/valkyria-revolution-review
159	49	http://www.ign.com/articles/2017/06/23/nex-machina-review
2238	423	http://www.ign.com/articles/2017/05/31/tekken-7-review
289	91	http://www.ign.com/articles/2017/06/01/star-trek-bridge-crew-review
90	39	http://www.ign.com/articles/2017/06/01/danger-zone-review
581	169	http://www.ign.com/articles/2017/05/26/rime-review
728	127	http://www.ign.com/articles/2017/05/17/farpoint-review
358	109	http://www.ign.com/articles/2017/04/27/sniper-ghost-warrior-3-review
627	139	http://www.ign.com/articles/2017/04/26/what-remains-of-edith-finch-review
249	73	http://www.ign.com/articles/2017/04/24/dragon-quest-heroes-2-review
118	53	http://www.ign.com/articles/2017/04/18/full-throttle-remastered-review
65	26	http://www.ign.com/articles/2017/04/11/trove-review
1118	294	http://www.ign.com/articles/2017/04/08/drawn-to-death-review
349	113	http://www.ign.com/articles/2017/04/06/bulletstorm-full-clip-edition-review
4669	630	http://www.ign.com/articles/2017/03/29/persona-5-review
468	123	http://www.ign.com/articles/2017/03/27/dark-souls-3-the-ringed-city-review
976	291	http://www.ign.com/articles/2017/03/27/mlb-the-show-17-review
165	52	http://www.ign.com/articles/2017/03/27/rain-world-review
55	19	http://www.ign.com/articles/2017/03/09/psychonauts-in-the-rhombus-of-ruin-review
3082	527	http://www.ign.com/articles/2017/03/06/nier-automata-review
288	114	http://www.ign.com/articles/2017/02/21/berserk-and-the-band-of-the-hawk-review
11499	1215	http://www.ign.com/articles/2017/02/20/horizon-zero-dawn-review
35	17	http://www.ign.com/articles/2017/02/03/divide-review
7991	953	http://www.ign.com/articles/2017/02/02/nioh-review
509	185	http://www.ign.com/articles/2017/02/01/double-dragon-4-review
536	124	http://www.ign.com/articles/2017/01/26/kingdom-hearts-hd-28-final-chapter-prologue-review
795	217	http://www.ign.com/articles/2017/01/23/tales-of-berseria-review
1162	237	http://www.ign.com/articles/2017/01/19/yakuza-0-review
939	280	http://www.ign.com/articles/2017/01/10/gravity-rush-2-review
64	20	http://www.ign.com/articles/2016/12/16/werewolves-within-review
259	101	http://www.ign.com/articles/2016/12/16/let-it-die-review
8212	1190	http://www.ign.com/articles/2016/12/05/the-last-guardian-review
230	84	http://www.ign.com/articles/2016/11/22/killing-floor-2-review
166	68	http://www.ign.com/articles/2016/11/16/sword-art-online-hollow-realization-review
77	39	http://www.ign.com/articles/2016/11/14/eagle-flight-review
300	92	http://www.ign.com/articles/2016/11/08/robinson-the-journey-review
4706	726	http://www.ign.com/articles/2016/11/07/ps4-pro-review
374	151	http://www.ign.com/articles/2016/10/28/dragon-ball-xenoverse-2-review
634	210	http://www.ign.com/articles/2016/10/25/world-of-final-fantasy-review
168	66	http://www.ign.com/articles/2016/10/25/rigs-mechanized-combat-league-review
679	202	http://www.ign.com/articles/2016/10/24/dark-souls-3-ashes-of-ariandel-review
48	23	http://www.ign.com/articles/2016/10/20/100ft-robot-golf-review
319	87	http://www.ign.com/articles/2016/10/20/driveclub-vr-review
293	116	http://www.ign.com/articles/2016/10/14/eve-valkyrie-review
85	27	http://www.ign.com/articles/2016/10/12/here-they-lie-review
49	25	http://www.ign.com/articles/2016/10/12/tumble-vr-review
122	43	http://www.ign.com/articles/2016/10/12/rez-infinite-review
1557	335	http://www.ign.com/articles/2016/10/10/rise-of-the-tomb-raider-20-year-celebration-review
431	139	http://www.ign.com/articles/2016/10/07/dragon-quest-builders-review
129	50	http://www.ign.com/articles/2016/10/07/the-tomorrow-children-review
168	71	http://www.ign.com/articles/2016/10/05/job-simulator-playstation-vr-review
46	24	http://www.ign.com/articles/2016/10/05/harmonix-music-vr-review
511	202	http://www.ign.com/articles/2016/10/05/batman-arkham-vr-review
276	102	http://www.ign.com/articles/2016/10/05/until-dawn-rush-of-blood-review
4861	825	http://www.ign.com/articles/2016/10/05/playstation-vr-review
23	16	http://www.ign.com/articles/2016/10/05/battlezone-vr-review
87	36	http://www.ign.com/articles/2016/10/05/superhypercube-review
40	24	http://www.ign.com/articles/2016/10/05/playstation-vr-worlds-review
631	191	http://www.ign.com/articles/2016/09/21/nba-2k17-review
140	72	http://www.ign.com/articles/2016/08/26/worms-wmd-review
425	170	http://www.ign.com/articles/2016/08/26/attack-on-titan-review
612	150	http://www.ign.com/articles/2016/08/24/king-of-fighters-14-review
1618	455	http://www.ign.com/articles/2016/08/17/madden-nfl-17-review
29416	2359	http://www.ign.com/articles/2016/08/12/no-mans-sky-review
231	98	http://www.ign.com/articles/2016/08/15/bound-review
538	212	http://www.ign.com/articles/2016/08/01/abzu-review
86	55	http://www.ign.com/articles/2016/07/25/headlander-review
240	83	http://www.ign.com/articles/2016/07/18/kerbal-space-program-ps4-review
256	117	http://www.ign.com/articles/2016/07/12/carmageddon-max-damage-review
528	194	http://www.ign.com/articles/2016/07/11/song-of-the-deep-review
1271	311	http://www.ign.com/articles/2016/06/28/star-ocean-integrity-and-faithlessness-review
1058	418	http://www.ign.com/articles/2016/06/24/umbrella-corps-review
2492	739	http://www.ign.com/articles/2016/06/20/mighty-no-9-review
173	79	http://www.ign.com/articles/2016/06/17/sherlock-holmes-the-devils-daughter-review
308	145	http://www.ign.com/articles/2016/06/03/hitman-episode-3-marrakesh-review
1091	329	http://www.ign.com/articles/2016/06/01/odin-sphere-leifthrasir-review
1372	497	http://www.ign.com/articles/2016/05/26/teenage-mutant-ninja-turtles-mutants-in-manhattan-review
326	143	http://www.ign.com/articles/2016/05/16/shadow-of-the-beast-review
27996	2661	http://www.ign.com/articles/2016/05/10/uncharted-4-a-thiefs-end-review
721	277	http://www.ign.com/articles/2016/05/10/valkyria-chronicles-remastered-review
583	261	http://www.ign.com/articles/2016/04/29/alienation-review
3915	938	http://www.ign.com/articles/2016/04/11/ratchet-and-clank-review
218	107	http://www.ign.com/articles/2016/04/08/dead-star-review
284	125	http://www.ign.com/articles/2016/04/05/enter-the-gungeon-review
6870	1292	http://www.ign.com/articles/2016/04/04/dark-souls-3-review
1805	452	http://www.ign.com/articles/2016/03/31/mlb-the-show-16-review
1464	448	http://www.ign.com/articles/2016/03/03/heavy-rain-playstation-4-edition-review
4460	1096	http://www.ign.com/articles/2016/02/22/far-cry-primal-review
9368	1310	http://www.ign.com/articles/2016/02/16/street-fighter-5-review-repromo
946	323	http://www.ign.com/articles/2016/02/09/naruto-shippuden-ultimate-ninja-storm-review
575	248	http://www.ign.com/articles/2016/01/27/lego-marvels-avengers-review
951	288	http://www.ign.com/articles/2016/01/26/darkest-dungeon-review
212	120	http://www.ign.com/articles/2016/01/20/tharsis-review
199	112	http://www.ign.com/articles/2016/01/11/hardware-rivals-review
114	57	http://www.ign.com/articles/2016/01/07/amplitude-review
611	281	http://www.ign.com/articles/2015/12/21/dirt-rally-review
399	223	http://www.ign.com/articles/2015/11/30/batman-arkham-knight-catwomans-revenge-dlc-review
2477	607	http://www.ign.com/articles/2015/11/23/bloodborne-the-old-hunters-review
335	172	http://www.ign.com/articles/2015/11/17/sword-art-online-lost-song-review
2203	924	http://www.ign.com/articles/2015/11/02/need-for-speed-review-3
938	450	http://www.ign.com/articles/2015/10/16/tales-of-zestiria-review
1180	447	http://www.ign.com/articles/2015/10/14/dragon-quest-heroes-the-world-trees-woe-and-the-blight-below-review
391	232	http://www.ign.com/articles/2015/10/06/disgaea-5-alliance-of-vengeance-review
1653	1012	http://www.ign.com/articles/2015/10/02/tony-hawks-pro-skater-5-review
2999	1156	http://www.ign.com/articles/2015/09/30/uncharted-the-nathan-drake-collection-review
939	482	http://www.ign.com/articles/2015/09/29/nba-2k16-review
279	192	http://www.ign.com/articles/2015/09/29/lego-dimensions-review
2026	97	http://www.ign.com/articles/2015/09/14/pro-evolution-soccer-2016-review
260	5	http://www.ign.com/articles/2015/09/11/one-piece-pirate-warriors-3-review
178	7	http://www.ign.com/articles/2015/09/04/rugby-world-cup-2015-review
1974	4	http://www.ign.com/articles/2015/09/02/tearaway-unfolded-review
8829	49	http://www.ign.com/articles/2015/08/24/until-dawn-review
170	9	http://www.ign.com/articles/2015/08/20/gauntlet-slayer-edition-review
272	0	http://www.ign.com/articles/2015/08/18/volume-review
1166	0	http://www.ign.com/articles/2015/08/13/dragon-age-inquisition-the-descent-review
137	0	http://www.ign.com/articles/2015/08/10/galak-z-review
3519	13	http://www.ign.com/articles/2015/08/10/everybodys-gone-to-the-rapture-review
360	0	http://www.ign.com/articles/2015/08/07/submerged-review
160	0	http://www.ign.com/articles/2015/07/30/tembo-the-badass-elephant-review
309	2	http://www.ign.com/articles/2015/07/29/f1-2015-playstation-4-review
454	0	http://www.ign.com/articles/2015/07/27/hatoful-boyfriend-ps4-review
732	0	http://www.ign.com/articles/2015/07/24/the-vanishing-of-ethan-carter-ps4-review
2129	10	http://www.ign.com/articles/2015/07/23/journey-ps4-review
2136	14	http://www.ign.com/articles/2015/07/14/rocket-league-review
2800	5	http://www.ign.com/articles/2015/07/14/godzilla-the-game-review
5656	6	http://www.ign.com/articles/2015/07/13/god-of-war-3-remastered-review
1230	5	http://www.ign.com/articles/2015/07/10/j-stars-victory-vs-review
44	0	http://www.ign.com/articles/2015/07/02/whispering-willows-review
1815	0	http://www.ign.com/articles/2015/06/26/planetside-2-ps4-review
9023	37	http://www.ign.com/articles/2015/08/31/mad-max-review
423	5	http://www.ign.com/articles/2015/05/28/magicka-2-review
2930	2	http://www.ign.com/articles/2015/05/12/final-fantasy-x-x-2-hd-remaster-ps4-review
551	1	http://www.ign.com/articles/2015/04/13/titan-souls-review
3228	2	http://www.ign.com/articles/2015/04/08/mlb-15-the-show-review
1488	3	http://www.ign.com/articles/2015/03/30/axiom-verge-review
119287	39	http://www.ign.com/articles/2015/03/23/bloodborne-review
3468	12	http://www.ign.com/articles/2015/03/13/helldivers-review
1417	1	http://www.ign.com/articles/2015/03/09/far-cry-4-valley-of-the-yetis-dlc-review
2458	1	http://www.ign.com/articles/2015/03/03/olliolli-2-welcome-to-olliwood-review
103209	35	http://www.ign.com/articles/2015/02/19/the-order-1886-review
3781	4	http://www.ign.com/articles/2015/01/26/grim-fandango-remastered-review
390	1	http://www.ign.com/articles/2015/01/22/citizens-of-earth-review
203	1	http://www.ign.com/articles/2015/01/07/super-mega-baseball-review
964	0	http://www.ign.com/articles/2015/01/02/loadout-playstation-4-review
1202	0	http://www.ign.com/articles/2014/12/16/guilty-gear-xrd-sign-review
137	0	http://www.ign.com/articles/2014/12/05/secret-ponchos-review
1050	3	http://www.ign.com/articles/2014/11/25/the-binding-of-isaac-rebirth-review
730	1	http://www.ign.com/articles/2014/11/25/tales-from-the-borderlands-episode-1-zero-sum-review
13882	1	http://www.ign.com/articles/2014/11/17/littlebigplanet-3-review
2037	4	http://www.ign.com/articles/2014/10/16/natural-doctrine-review
32905	5	http://www.ign.com/articles/2014/10/07/driveclub-review
245	3	http://www.ign.com/articles/2014/10/01/skylanders-trap-team-review
234	9	http://www.ign.com/articles/2014/09/30/sherlock-holmes-crimes-and-punishments-review
565	0	http://www.ign.com/articles/2014/09/19/disney-infinity-20-marvel-super-heroes-review
2442	0	http://www.ign.com/articles/2014/09/09/nhl-15-review
2500	0	http://www.ign.com/articles/2014/09/02/velocity-2x-review
4266	1	http://www.ign.com/articles/2014/08/26/infamous-first-light-review
862	0	http://www.ign.com/articles/2014/08/19/counterspy-review
275	0	http://www.ign.com/articles/2014/08/12/hohokum-review
37080	7	http://www.ign.com/articles/2014/07/28/the-last-of-us-remastered-review
1826	2	http://www.ign.com/articles/2014/07/21/oddworld-new-n-tasty-review
266	0	http://www.ign.com/articles/2014/07/17/crimsonland-review
3418	5	http://www.ign.com/articles/2014/07/11/another-world-20th-anniversary-review
177	0	http://www.ign.com/articles/2014/07/11/mousecraft-review
1327	3	http://www.ign.com/articles/2014/06/30/blue-estate-review
687	0	http://www.ign.com/articles/2014/06/26/resogun-heroes-dlc-review
852	1	http://www.ign.com/articles/2014/06/26/sniper-elite-iii-review
2418	10	http://www.ign.com/articles/2014/06/24/valiant-hearts-the-great-war-review
538	3	http://www.ign.com/articles/2014/06/20/war-thunder-review
3724	1	http://www.ign.com/articles/2014/06/18/entwined-review
5517	1	http://www.ign.com/articles/2014/05/20/transistor-review
120	0	http://www.ign.com/articles/2014/05/14/sportsfriends-review
395	0	http://www.ign.com/articles/2014/05/12/titan-attacks-review
2184	0	http://www.ign.com/articles/2014/05/12/bound-by-flame-review
722	1	http://www.ign.com/articles/2014/05/08/outlast-whistleblower-review
1451	0	http://www.ign.com/articles/2014/04/29/daylight-review
484	0	http://www.ign.com/articles/2014/04/25/mercenary-kings-review
657	0	http://www.ign.com/articles/2014/04/23/octodad-dadliest-catch-ps4-review
2967	0	http://www.ign.com/articles/2014/04/04/mlb-14-the-show-review
475	0	http://www.ign.com/articles/2014/04/03/dead-nation-apocalypse-edition-review
1012	0	http://www.ign.com/articles/2014/03/25/towerfall-review
40443	8	http://www.ign.com/articles/2014/03/20/infamous-second-son-review
713	1	http://www.ign.com/articles/2014/03/06/basement-crawl-review
554	0	http://www.ign.com/articles/2014/01/13/dont-starve-ps4-review-2
684	0	http://www.ign.com/articles/2013/12/16/assassins-creed-4-black-flag-freedom-cry-review
197	0	http://www.ign.com/articles/2013/12/12/doki-doki-universe-review
2853	1	http://www.ign.com/articles/2013/12/04/warframe-review-2
317	0	http://www.ign.com/articles/2013/12/04/escape-plan-ps4-review
418	0	http://www.ign.com/articles/2013/12/03/tiny-brains-review
692	4	http://www.ign.com/articles/2013/12/02/dc-universe-online-review-2
674	2	http://www.ign.com/articles/2013/11/21/injustice-gods-among-us-ultimate-edition-review
338	0	http://www.ign.com/articles/2013/11/21/super-motherload-review
215	0	http://www.ign.com/articles/2013/11/21/just-dance-2014-ps4-review
1426	2	http://www.ign.com/articles/2013/11/19/battlefield-4-ps4-review
551	0	http://www.ign.com/articles/2013/11/18/pinball-arcade-review
8788	10	http://www.ign.com/articles/2013/11/13/killzone-shadow-fall-review
10100	4	http://www.ign.com/articles/2013/11/13/knack-review
1123	0	http://www.ign.com/articles/2013/11/13/resogun-review
234	0	http://www.ign.com/articles/2013/11/13/contrast-review
1268	1	http://www.ign.com/articles/2013/11/13/flower-ps4-review
754	0	http://www.ign.com/articles/2013/09/17/steamworld-dig-a-fistful-of-dirt-review
6410	1	http://www.ign.com/articles/2013/09/11/final-fantasy-xiv-a-realm-reborn-review
5992	3	http://www.ign.com/articles/2013/09/04/outlast-review
1073	0	http://www.ign.com/articles/2013/07/25/rogue-legacy-review
1962	1	http://www.ign.com/articles/2013/05/31/the-swapper-review
2172	0	http://www.ign.com/articles/2013/05/01/fez-review-pc
808	0	http://www.ign.com/articles/2012/08/07/sound-shapes-review
